City_ID,City,Country,Lat,Lng,Max Temp,Humidity,Cloudiness,Wind Speed,Current Description,Date
0,Kavieng,PG,-2.5744,150.7967,81.64,76,3,9.04,clear sky,2021-08-01 20:55:54
1,Hermanus,ZA,-34.4187,19.2345,57.9,78,94,4.34,overcast clouds,2021-08-01 20:55:54
2,Upernavik,GL,72.7868,-56.1549,43.11,79,26,13.22,scattered clouds,2021-08-01 20:55:55
3,Vaini,TO,-21.2,-175.2,71.76,83,20,21.85,few clouds,2021-08-01 20:55:55
4,Zinder,NE,13.8072,8.9881,89.85,44,87,10.2,overcast clouds,2021-08-01 20:55:56
5,Butaritari,KI,3.0707,172.7902,83.05,69,13,9.78,few clouds,2021-08-01 20:55:56
6,Castro,BR,-24.7911,-50.0119,50.13,82,69,2.8,broken clouds,2021-08-01 20:55:56
7,Burnie,AU,-41.0667,145.9167,45.19,82,95,5.53,overcast clouds,2021-08-01 20:55:56
8,Albany,US,42.6001,-73.9662,76.87,74,82,1.01,broken clouds,2021-08-01 20:52:48
9,Lossiemouth,GB,57.7214,-3.2834,55.74,80,100,6.78,overcast clouds,2021-08-01 20:55:57
10,Dikson,RU,73.5069,80.5464,39.58,99,98,7.49,overcast clouds,2021-08-01 20:55:57
11,Saint-Georges,GD,12.0564,-61.7485,85.68,79,20,17.27,few clouds,2021-08-01 20:54:32
12,Alofi,NU,-19.0595,-169.9187,76.89,73,75,17.27,broken clouds,2021-08-01 20:55:58
13,Arraial Do Cabo,BR,-22.9661,-42.0278,75.16,68,20,13.8,few clouds,2021-08-01 20:55:58
14,Nikolskoye,RU,59.7035,30.7861,64.02,86,7,5.17,clear sky,2021-08-01 20:55:58
15,Evanston,US,42.0411,-87.6901,79.72,62,40,5.99,scattered clouds,2021-08-01 20:51:43
16,Vila Franca Do Campo,PT,37.7167,-25.4333,72.01,96,83,8.63,broken clouds,2021-08-01 20:55:59
17,Mataura,NZ,-46.1927,168.8643,40.48,97,73,3.2,broken clouds,2021-08-01 20:55:59
18,Tiksi,RU,71.6872,128.8694,45.91,74,25,5.48,scattered clouds,2021-08-01 20:55:59
19,Busselton,AU,-33.65,115.3333,53.04,68,90,7.27,overcast clouds,2021-08-01 20:55:59
20,Ancud,CL,-41.8697,-73.8203,49.53,73,50,4.36,scattered clouds,2021-08-01 20:56:00
21,Hamilton,US,39.1834,-84.5333,81.0,81,28,1.01,scattered clouds,2021-08-01 20:54:59
22,Jamestown,US,42.097,-79.2353,70.3,70,75,5.99,broken clouds,2021-08-01 20:54:33
23,Hithadhoo,MV,-0.6,73.0833,80.78,73,87,6.46,moderate rain,2021-08-01 20:56:00
24,Acapulco,MX,16.8634,-99.8901,87.78,66,96,8.37,overcast clouds,2021-08-01 20:56:01
25,Belmonte,BR,-15.8631,-38.8828,71.6,75,86,14.61,overcast clouds,2021-08-01 20:56:01
26,Ushuaia,AR,-54.8,-68.3,46.06,49,20,17.27,few clouds,2021-08-01 20:56:01
27,Kingman,US,35.1894,-114.053,98.29,23,0,11.68,clear sky,2021-08-01 20:56:02
28,Sistranda,NO,63.7256,8.834,50.9,70,100,12.19,light rain,2021-08-01 20:56:02
29,Zambezi,ZM,-13.5432,23.1047,59.36,46,1,5.93,clear sky,2021-08-01 20:56:02
30,Rikitea,PF,-23.1203,-134.9692,69.28,59,68,22.73,broken clouds,2021-08-01 20:56:03
31,Ahipara,NZ,-35.1667,173.1667,56.77,81,64,10.02,broken clouds,2021-08-01 20:56:03
32,Tulun,RU,54.5611,100.5792,55.06,98,100,10.22,light rain,2021-08-01 20:56:03
33,Tura,IN,25.5198,90.2201,73.62,98,88,3.49,overcast clouds,2021-08-01 20:46:39
34,Ribeira Grande,PT,38.5167,-28.7,75.6,88,40,12.66,scattered clouds,2021-08-01 20:56:04
35,Chapleau,CA,47.8405,-83.4034,64.49,63,75,8.05,broken clouds,2021-08-01 20:56:04
36,Port Elizabeth,ZA,-33.918,25.5701,61.09,72,75,29.93,broken clouds,2021-08-01 20:52:53
37,Rocha,UY,-34.4833,-54.3333,47.44,92,3,4.61,clear sky,2021-08-01 20:56:05
38,Sao Joao Da Barra,BR,-21.6403,-41.0511,68.09,66,89,8.37,overcast clouds,2021-08-01 20:56:05
39,Avarua,CK,-21.2078,-159.775,75.25,94,75,19.57,moderate rain,2021-08-01 20:56:05
40,Portland,US,45.5234,-122.6762,94.44,42,16,1.01,few clouds,2021-08-01 20:55:04
41,Mahebourg,MU,-20.4081,57.7,68.29,88,75,10.36,light rain,2021-08-01 20:56:06
42,Navalmoral De La Mata,ES,39.8916,-5.5406,71.58,39,64,5.41,broken clouds,2021-08-01 20:53:50
43,Soma,TR,39.1855,27.6094,78.89,40,0,5.82,clear sky,2021-08-01 20:56:06
44,Asosa,ET,10.0667,34.5333,59.34,86,100,3.09,overcast clouds,2021-08-01 20:56:06
45,Cape Town,ZA,-33.9258,18.4232,58.12,81,40,3.44,scattered clouds,2021-08-01 20:52:41
46,New Norfolk,AU,-42.7826,147.0587,37.76,83,20,2.39,few clouds,2021-08-01 20:56:07
47,Kalakamati,BW,-20.5929,27.3121,53.58,48,0,8.5,clear sky,2021-08-01 20:56:07
48,Punta Arenas,CL,-53.15,-70.9167,46.51,66,40,11.5,scattered clouds,2021-08-01 20:56:07
49,Dong Hoi,VN,17.4833,106.6,83.48,71,100,9.82,overcast clouds,2021-08-01 20:56:07
50,Piney Green,US,34.716,-77.3202,86.95,60,94,14.56,overcast clouds,2021-08-01 20:56:08
51,Sitka,US,57.0531,-135.33,62.83,82,99,4.29,overcast clouds,2021-08-01 20:56:08
52,Jamame,SO,0.0722,42.7506,74.25,85,53,13.53,broken clouds,2021-08-01 20:56:08
53,Kapaa,US,22.0752,-159.319,84.18,83,86,1.99,moderate rain,2021-08-01 20:56:09
54,Atuona,PF,-9.8,-139.0333,77.14,69,32,11.86,scattered clouds,2021-08-01 20:56:09
55,Sorland,NO,67.667,12.6934,48.99,74,95,12.48,overcast clouds,2021-08-01 20:56:09
56,Neuquen,AR,-38.9516,-68.0591,60.69,48,0,2.3,clear sky,2021-08-01 20:53:51
57,Codrington,AU,-38.2667,141.9667,43.05,85,0,15.9,clear sky,2021-08-01 20:56:10
58,College,US,64.8569,-147.8028,73.09,56,20,3.44,few clouds,2021-08-01 20:56:10
59,Chokurdakh,RU,70.6333,147.9167,39.0,71,18,7.65,few clouds,2021-08-01 20:56:10
60,Barstow,US,34.8986,-117.0228,101.52,17,0,5.88,clear sky,2021-08-01 20:56:11
61,Puerto Ayora,EC,-0.7393,-90.3518,76.96,88,48,5.99,scattered clouds,2021-08-01 20:56:11
62,Sahuaripa,MX,29.05,-109.2333,97.18,37,0,4.05,clear sky,2021-08-01 20:56:11
63,Vestmannaeyjar,IS,63.4427,-20.2734,52.79,93,90,9.22,overcast clouds,2021-08-01 20:56:12
64,Bengkulu,ID,-3.8004,102.2655,74.1,90,96,4.54,overcast clouds,2021-08-01 20:56:12
65,Tuktoyaktuk,CA,69.4541,-133.0374,71.6,64,75,13.8,broken clouds,2021-08-01 20:56:12
66,Vila,PT,42.0304,-8.1588,56.75,92,100,1.14,light rain,2021-08-01 20:56:13
67,Bambous Virieux,MU,-20.3428,57.7575,68.25,88,75,10.36,light rain,2021-08-01 20:56:13
68,Severnoye,RU,56.3491,78.3619,57.13,77,61,5.99,broken clouds,2021-08-01 20:56:13
69,Georgetown,MY,5.4112,100.3354,76.95,93,20,5.01,few clouds,2021-08-01 20:56:13
70,Baykit,RU,61.67,96.37,58.39,94,100,2.06,overcast clouds,2021-08-01 20:56:14
71,Lebu,CL,-37.6167,-73.65,52.11,73,29,18.32,scattered clouds,2021-08-01 20:56:14
72,Waddan,LY,29.1614,16.139,89.08,19,0,15.19,clear sky,2021-08-01 20:56:14
73,Hilo,US,19.7297,-155.09,79.25,83,76,7.0,broken clouds,2021-08-01 20:56:15
74,Bredasdorp,ZA,-34.5322,20.0403,58.32,67,79,6.91,broken clouds,2021-08-01 20:56:15
75,Ponta Do Sol,PT,32.6667,-17.1,72.72,73,1,5.55,clear sky,2021-08-01 20:56:15
76,Plover,US,44.4564,-89.544,77.85,57,42,5.99,scattered clouds,2021-08-01 20:56:15
77,Torbay,CA,47.6666,-52.7314,70.57,64,40,18.41,scattered clouds,2021-08-01 20:56:16
78,Bathsheba,BB,13.2167,-59.5167,86.61,70,20,11.5,few clouds,2021-08-01 20:56:16
79,Bluff,NZ,-46.6,168.3333,40.8,86,96,8.05,overcast clouds,2021-08-01 20:56:16
80,Fagernes,NO,60.9858,9.2324,56.26,85,98,0.89,overcast clouds,2021-08-01 20:56:17
81,Namatanai,PG,-3.6667,152.4333,79.18,83,10,6.93,clear sky,2021-08-01 20:46:27
82,Ilulissat,GL,69.2167,-51.1,51.42,57,0,9.44,clear sky,2021-08-01 20:56:17
83,Tirodi,IN,21.6833,79.7,74.97,85,100,8.77,overcast clouds,2021-08-01 20:56:17
84,Labuan,MY,5.2767,115.2417,77.36,88,20,3.0,thunderstorm,2021-08-01 20:51:46
85,Cayenne,GF,4.9333,-52.3333,86.04,77,18,5.01,few clouds,2021-08-01 20:56:18
86,Vilyuysk,RU,63.7553,121.6247,63.46,69,94,4.59,overcast clouds,2021-08-01 20:56:18
87,Clyde River,CA,70.4692,-68.5914,43.03,87,90,16.11,overcast clouds,2021-08-01 20:56:18
88,Khani,GE,41.9563,42.9566,62.17,95,92,1.88,overcast clouds,2021-08-01 20:56:19
89,Novopokrovka,UA,49.8425,36.5477,75.58,50,96,3.2,overcast clouds,2021-08-01 20:56:19
90,Zhigansk,RU,66.7697,123.3711,62.87,68,57,12.55,broken clouds,2021-08-01 20:56:19
91,Cairns,AU,-16.9167,145.7667,66.15,96,40,6.91,scattered clouds,2021-08-01 20:55:38
92,Maragogi,BR,-9.0122,-35.2225,73.6,80,11,15.79,few clouds,2021-08-01 20:54:36
93,Port Alfred,ZA,-33.5906,26.891,61.02,83,26,25.99,scattered clouds,2021-08-01 20:56:20
94,Sabang,ID,5.8933,95.3214,82.31,74,100,26.26,overcast clouds,2021-08-01 20:56:20
95,Asifabad,IN,19.3667,79.2833,77.05,84,100,8.57,overcast clouds,2021-08-01 20:56:20
96,Dingle,PH,10.9995,122.6711,77.7,87,100,8.79,overcast clouds,2021-08-01 20:56:21
97,Nichinan,JP,31.6,131.3667,77.76,89,53,1.99,broken clouds,2021-08-01 20:56:21
98,Olafsvik,IS,64.8945,-23.7142,53.89,92,99,1.21,overcast clouds,2021-08-01 20:56:21
99,Saint-Philippe,RE,-21.3585,55.7679,67.55,75,49,10.04,scattered clouds,2021-08-01 20:56:22
100,Kendari,ID,-3.945,122.4989,72.81,95,90,2.62,overcast clouds,2021-08-01 20:56:22
101,East London,ZA,-33.0153,27.9116,62.64,60,24,20.58,few clouds,2021-08-01 20:56:22
102,Serebryansk,KZ,49.6925,83.2892,51.35,60,0,1.66,clear sky,2021-08-01 20:56:23
103,Berdigestyakh,RU,62.0989,126.6992,62.76,64,100,4.99,overcast clouds,2021-08-01 20:51:25
104,Zyryanka,RU,65.75,150.85,44.37,65,26,13.02,scattered clouds,2021-08-01 20:56:23
105,Visnes,NO,59.3556,5.2242,59.58,76,5,32.21,clear sky,2021-08-01 20:56:23
106,Ebolowa,CM,2.9,11.15,68.94,98,100,3.2,overcast clouds,2021-08-01 20:56:24
107,Mezhova,UA,48.2532,36.7347,74.12,53,6,0.72,clear sky,2021-08-01 20:56:24
108,Lasa,IT,46.6166,10.7002,55.02,96,91,6.4,overcast clouds,2021-08-01 20:56:24
109,Great Falls,US,47.5002,-111.3008,98.92,17,1,8.01,clear sky,2021-08-01 20:56:24
110,Sovetskiy,RU,61.3614,63.5842,55.27,96,6,5.84,clear sky,2021-08-01 20:56:25
111,Kieta,PG,-6.2167,155.6333,78.85,83,10,2.64,clear sky,2021-08-01 20:56:25
112,Kaitangata,NZ,-46.2817,169.8464,43.18,95,22,4.83,few clouds,2021-08-01 20:56:25
113,Bilma,NE,18.6853,12.9164,96.69,10,0,4.32,clear sky,2021-08-01 20:56:26
114,Hasaki,JP,35.7333,140.8333,77.29,88,12,5.82,few clouds,2021-08-01 20:56:26
115,Coquimbo,CL,-29.9533,-71.3436,60.53,72,0,11.5,clear sky,2021-08-01 20:56:23
116,Pangnirtung,CA,66.1451,-65.7125,50.0,81,90,5.75,overcast clouds,2021-08-01 20:56:26
117,Kandrian,PG,-6.2167,149.55,77.29,85,84,9.64,broken clouds,2021-08-01 20:56:27
118,Nara,JP,34.6851,135.8049,81.25,94,88,2.93,overcast clouds,2021-08-01 20:56:27
119,Vanimo,PG,-2.6741,141.3028,76.51,90,31,5.01,moderate rain,2021-08-01 20:56:27
120,Qasigiannguit,GL,68.8193,-51.1922,51.51,57,1,6.8,clear sky,2021-08-01 20:56:27
121,Omsukchan,RU,62.5333,155.8,34.43,100,100,8.32,light rain,2021-08-01 20:46:30
122,Etropole,BG,42.8333,24.0,82.56,28,0,5.08,clear sky,2021-08-01 20:56:28
123,Qaanaaq,GL,77.484,-69.3632,43.07,80,87,1.32,overcast clouds,2021-08-01 20:56:28
124,Hibbing,US,47.4272,-92.9377,74.7,30,40,8.68,scattered clouds,2021-08-01 20:56:29
125,Esperance,AU,-33.8667,121.9,51.64,59,57,23.55,broken clouds,2021-08-01 20:56:29
126,Kargasok,RU,59.0556,80.8572,49.89,89,33,4.0,scattered clouds,2021-08-01 20:46:45
127,Fort Nelson,CA,58.8053,-122.7002,83.79,45,1,3.44,clear sky,2021-08-01 20:56:29
128,Saint-Joseph,RE,-21.3667,55.6167,66.56,72,38,10.2,scattered clouds,2021-08-01 20:56:30
129,Kalikino,RU,52.9493,39.8269,72.72,53,85,4.52,overcast clouds,2021-08-01 20:56:30
130,Rio Branco,BR,-9.9747,-67.81,88.41,40,0,8.05,clear sky,2021-08-01 20:51:52
131,Sayyan,YE,15.1718,44.3244,62.53,67,98,5.84,overcast clouds,2021-08-01 20:56:30
132,Hobyo,SO,5.3505,48.5268,77.7,79,5,23.02,clear sky,2021-08-01 20:56:31
133,Mao,ES,39.8885,4.2658,70.36,73,20,4.61,few clouds,2021-08-01 20:56:31
134,Zhoucheng,CN,35.9122,116.3117,73.08,93,3,7.99,clear sky,2021-08-01 20:56:31
135,Faanui,PF,-16.4833,-151.75,77.47,69,38,15.12,scattered clouds,2021-08-01 20:56:31
136,Saskylakh,RU,71.9167,114.0833,69.12,49,0,4.27,clear sky,2021-08-01 20:56:32
137,Alnashi,RU,56.1874,52.4792,65.43,67,100,6.55,overcast clouds,2021-08-01 20:56:32
138,Hobart,AU,-42.8794,147.3294,38.12,87,20,3.0,few clouds,2021-08-01 20:56:32
139,Mvuma,ZW,-19.2792,30.5283,51.93,52,0,6.2,clear sky,2021-08-01 20:56:33
140,Matay,EG,28.419,30.7792,91.42,18,0,13.4,clear sky,2021-08-01 20:56:33
141,Nanortalik,GL,60.1432,-45.2371,49.64,77,100,11.25,light rain,2021-08-01 20:51:52
142,Cherskiy,RU,68.75,161.3,35.65,90,97,18.84,overcast clouds,2021-08-01 20:56:33
143,Khatanga,RU,71.9667,102.5,60.84,75,58,9.37,broken clouds,2021-08-01 20:56:34
144,Mangrol,IN,21.1167,70.1167,81.1,84,100,21.41,overcast clouds,2021-08-01 20:56:34
145,Tasiilaq,GL,65.6145,-37.6368,43.48,76,18,5.7,few clouds,2021-08-01 20:56:34
146,Pevek,RU,69.7008,170.3133,33.15,99,100,12.84,light snow,2021-08-01 20:56:35
147,Guatape,CO,6.2327,-75.1586,80.73,41,41,5.35,scattered clouds,2021-08-01 20:56:35
148,Kehychivka,UA,49.2866,35.7615,73.49,51,7,3.71,clear sky,2021-08-01 20:56:35
149,Lima,PE,-12.0432,-77.0282,69.91,71,90,4.61,overcast clouds,2021-08-01 20:53:49
150,Los Llanos De Aridane,ES,28.6585,-17.9182,69.55,72,20,17.27,few clouds,2021-08-01 20:56:36
151,Roscrea,IE,52.9511,-7.8017,55.78,83,54,4.52,broken clouds,2021-08-01 20:56:36
152,Thompson,CA,55.7435,-97.8558,82.56,34,40,12.66,scattered clouds,2021-08-01 20:53:03
153,Kijang,KR,35.2442,129.2139,80.33,84,74,4.34,broken clouds,2021-08-01 20:56:36
154,Pangody,RU,65.85,74.4859,59.34,65,100,12.39,overcast clouds,2021-08-01 20:56:37
155,Yekaterinovka,RU,52.0508,44.3451,70.86,62,12,4.05,few clouds,2021-08-01 20:56:37
156,Makungu,TZ,-8.7333,35.2833,54.84,80,15,2.64,few clouds,2021-08-01 20:56:37
157,Ostrovnoy,RU,68.0531,39.5131,48.94,89,15,8.57,few clouds,2021-08-01 20:56:38
158,Ratnagiri,IN,16.9833,73.3,79.5,84,100,16.04,overcast clouds,2021-08-01 20:56:38
159,Bocas Del Toro,PA,9.3333,-82.25,88.07,75,96,10.6,overcast clouds,2021-08-01 20:56:38
160,Bouna,CI,9.2667,-3.0,72.5,87,38,4.68,scattered clouds,2021-08-01 20:56:39
161,Presidencia Roque Saenz Pena,AR,-26.7852,-60.4388,67.51,33,0,4.65,clear sky,2021-08-01 20:56:39
162,Barrow,US,71.2906,-156.7887,45.3,82,100,20.76,overcast clouds,2021-08-01 20:56:39
163,Noshiro,JP,40.2039,140.0242,75.0,89,1,5.1,clear sky,2021-08-01 20:56:40
164,Kasama,ZM,-10.2129,31.1808,53.22,83,2,4.65,clear sky,2021-08-01 20:56:40
165,Kutum,SD,14.2,24.6667,76.05,61,68,9.75,broken clouds,2021-08-01 20:52:19
166,Bubaque,GW,11.2833,-15.8333,79.38,82,84,19.6,light rain,2021-08-01 20:56:40
167,Ramjibanpur,IN,22.8333,87.6167,81.21,85,100,6.24,overcast clouds,2021-08-01 20:56:41
168,Airai,TL,-8.9266,125.4092,56.08,86,25,2.59,scattered clouds,2021-08-01 20:56:41
169,Constitucion,CL,-35.3333,-72.4167,59.29,59,0,11.92,clear sky,2021-08-01 20:56:41
170,Sao Filipe,CV,14.8961,-24.4956,76.03,76,11,8.03,few clouds,2021-08-01 20:56:42
171,Chifeng,CN,42.2683,118.9636,62.76,78,69,4.79,broken clouds,2021-08-01 20:56:42
172,Wuzhou,CN,23.4833,111.3167,77.5,93,97,1.72,overcast clouds,2021-08-01 20:56:42
173,Aykhal,RU,66.0,111.5,64.33,45,56,4.88,broken clouds,2021-08-01 20:56:43
174,Jasper,US,37.2001,-94.3502,85.01,67,32,1.01,scattered clouds,2021-08-01 20:56:43
175,Mar Del Plata,AR,-38.0023,-57.5575,48.09,30,90,1.01,fog,2021-08-01 20:56:43
176,Middle Island,US,40.8843,-72.9373,76.84,63,84,1.99,broken clouds,2021-08-01 20:56:43
177,San Patricio,US,28.017,-97.5169,99.32,44,99,16.13,overcast clouds,2021-08-01 20:56:44
178,Mana,GF,5.6592,-53.7767,80.46,81,67,8.41,broken clouds,2021-08-01 20:51:58
179,Bandarbeyla,SO,9.4942,50.8122,79.11,75,2,24.85,clear sky,2021-08-01 20:56:44
180,Salto,UY,-31.3833,-57.9667,62.76,51,20,5.75,few clouds,2021-08-01 20:51:54
181,Sharya,RU,58.3686,45.5144,65.3,73,97,4.56,light rain,2021-08-01 20:56:45
182,Jiazi,CN,22.8779,116.067,81.82,89,97,7.43,overcast clouds,2021-08-01 20:56:45
183,Iqaluit,CA,63.7506,-68.5145,53.33,81,90,3.0,overcast clouds,2021-08-01 20:56:45
184,Padang,ID,-0.9492,100.3543,74.79,92,98,5.79,overcast clouds,2021-08-01 20:56:45
185,Uyuni,BO,-20.4597,-66.825,46.06,22,84,9.44,broken clouds,2021-08-01 20:56:46
186,Puerto Quijarro,BO,-17.7833,-57.7667,86.29,19,0,5.66,clear sky,2021-08-01 20:56:46
187,Kodiak,US,57.79,-152.4072,54.91,88,90,9.22,haze,2021-08-01 20:52:19
188,Vostok,RU,46.4856,135.8833,64.24,86,26,2.8,scattered clouds,2021-08-01 20:56:47
189,Mareeba,AU,-17.0,145.4333,61.52,93,38,2.73,scattered clouds,2021-08-01 20:56:47
190,Longyearbyen,SJ,78.2186,15.6401,46.24,66,75,17.27,light rain,2021-08-01 20:56:47
191,Kruisfontein,ZA,-34.0033,24.7314,56.88,77,84,18.86,broken clouds,2021-08-01 20:56:47
192,Turukhansk,RU,65.8167,87.9833,53.73,84,30,8.3,scattered clouds,2021-08-01 20:56:48
193,Antofagasta,CL,-23.65,-70.4,58.28,71,26,5.7,scattered clouds,2021-08-01 20:56:48
194,Tiznit,MA,29.5833,-9.5,69.64,58,0,2.91,clear sky,2021-08-01 20:56:48
195,Mogzon,RU,51.7435,111.9606,49.91,94,48,2.59,scattered clouds,2021-08-01 20:56:49
196,La Sarre,CA,48.8002,-79.1996,63.99,53,97,10.63,overcast clouds,2021-08-01 20:56:49
197,Souillac,MU,-20.5167,57.5167,68.38,88,75,10.36,broken clouds,2021-08-01 20:56:49
198,Kamaishi,JP,39.2667,141.8833,75.76,94,14,7.96,few clouds,2021-08-01 20:56:50
199,Verkhnevilyuysk,RU,63.4453,120.3167,61.32,67,100,4.38,overcast clouds,2021-08-01 20:56:50
200,Waynesboro,US,38.0685,-78.8895,84.78,67,40,5.75,scattered clouds,2021-08-01 20:56:50
201,Bardiyah,LY,31.7561,25.0865,80.89,74,0,13.35,clear sky,2021-08-01 20:56:51
202,Scarborough,GB,54.2797,-0.4044,56.53,83,8,8.95,clear sky,2021-08-01 20:56:51
203,Iquique,CL,-20.2208,-70.1431,60.84,75,99,5.5,overcast clouds,2021-08-01 20:56:51
204,Kathu,TH,7.9178,98.3332,83.7,79,100,21.85,overcast clouds,2021-08-01 20:56:52
205,Dwarka,IN,22.2394,68.9678,81.52,82,100,22.17,overcast clouds,2021-08-01 20:56:52
206,Tuensang,IN,26.2833,94.8333,70.38,98,96,1.28,overcast clouds,2021-08-01 20:56:52
207,Celestun,MX,20.8667,-90.4,83.84,74,67,14.47,broken clouds,2021-08-01 20:56:53
208,Gallup,US,35.5281,-108.7426,79.56,56,87,1.01,overcast clouds,2021-08-01 20:56:53
209,Betioky,MG,-23.7167,44.3833,60.76,61,0,2.26,clear sky,2021-08-01 20:56:53
210,Nelson Bay,AU,-32.7167,152.15,54.0,61,99,7.7,overcast clouds,2021-08-01 20:56:53
211,Igrim,RU,63.1906,64.4162,57.27,94,92,3.74,overcast clouds,2021-08-01 20:56:54
212,Klaksvik,FO,62.2266,-6.589,49.12,83,50,9.46,scattered clouds,2021-08-01 20:56:54
213,Kaspiyskiy,RU,45.3929,47.3707,79.39,66,0,6.35,clear sky,2021-08-01 20:56:54
214,Carnarvon,AU,-24.8667,113.6333,50.07,63,0,10.36,clear sky,2021-08-01 20:56:55
215,Susuman,RU,62.7833,148.1667,44.53,58,9,11.59,clear sky,2021-08-01 20:56:55
216,Oxford,GB,51.7522,-1.256,62.06,88,40,1.01,scattered clouds,2021-08-01 20:55:00
217,Bethel,US,41.3712,-73.414,75.85,75,60,9.86,broken clouds,2021-08-01 20:56:55
218,Arona,ES,28.0996,-16.681,66.99,72,0,10.0,clear sky,2021-08-01 20:56:56
219,Asau,RO,46.4333,26.4,75.76,90,0,5.08,light rain,2021-08-01 20:56:56
220,Sur,OM,22.5667,59.5289,89.65,56,100,14.81,overcast clouds,2021-08-01 20:56:56
221,Labuhan,ID,-6.8844,112.2051,76.8,76,12,9.91,few clouds,2021-08-01 20:56:56
222,Slave Lake,CA,55.2834,-114.769,80.58,54,1,3.44,clear sky,2021-08-01 20:56:57
223,Labelle,US,26.7617,-81.4384,94.46,45,86,8.95,overcast clouds,2021-08-01 20:56:57
224,Paranhos,BR,-23.8928,-55.4311,64.67,59,37,1.19,scattered clouds,2021-08-01 20:56:57
225,Paris,FR,48.8534,2.3488,67.24,69,0,5.75,clear sky,2021-08-01 20:56:45
226,Laje,BR,-10.1833,-40.9667,69.33,60,100,14.14,overcast clouds,2021-08-01 20:56:58
227,Caruray,PH,10.3094,119.0128,80.58,79,85,10.33,overcast clouds,2021-08-01 20:56:58
228,Kilrush,IE,52.6397,-9.4833,56.95,77,69,10.09,broken clouds,2021-08-01 20:56:14
229,Armidale,AU,-30.5167,151.65,44.87,91,0,3.29,clear sky,2021-08-01 20:56:59
230,Pacific Grove,US,36.6177,-121.9166,83.61,74,30,5.99,scattered clouds,2021-08-01 20:56:59
231,Dondo,MZ,-19.6094,34.7431,62.11,83,0,4.52,clear sky,2021-08-01 20:56:59
232,Haines Junction,CA,60.7522,-137.5108,75.15,43,27,2.3,scattered clouds,2021-08-01 20:57:00
233,Narsaq,GL,60.9167,-46.05,54.0,63,100,4.0,overcast clouds,2021-08-01 20:57:00
234,Vila Velha,BR,-20.3297,-40.2925,72.97,63,0,9.22,clear sky,2021-08-01 20:57:00
235,Gat,IL,31.61,34.7642,85.41,55,0,3.78,clear sky,2021-08-01 20:57:01
236,Namibe,AO,-15.1961,12.1522,69.15,84,58,2.24,broken clouds,2021-08-01 20:57:01
237,Matara,LK,5.9485,80.5353,78.46,86,100,9.69,overcast clouds,2021-08-01 20:57:01
238,Abha,SA,18.2164,42.5053,67.82,88,20,0.0,few clouds,2021-08-01 20:57:02
239,Pisco,PE,-13.7,-76.2167,66.25,72,0,10.36,clear sky,2021-08-01 20:57:02
240,Yellowknife,CA,62.456,-114.3525,88.32,28,1,5.75,clear sky,2021-08-01 20:57:02
241,Waitati,NZ,-45.75,170.5667,49.8,78,99,7.63,overcast clouds,2021-08-01 20:57:03
242,Leningradskiy,RU,69.3833,178.4167,35.55,95,100,18.39,light rain,2021-08-01 20:57:03
243,Batagay-Alyta,RU,67.8006,130.4114,59.92,53,2,1.9,clear sky,2021-08-01 20:57:03
244,Chardara,KZ,41.2547,67.9692,76.48,26,62,5.03,broken clouds,2021-08-01 20:57:04
245,Gari,RU,59.4307,62.3497,56.05,94,2,7.07,clear sky,2021-08-01 20:57:04
246,Ormara,PK,25.2088,64.6357,81.45,85,97,16.22,overcast clouds,2021-08-01 20:57:04
247,Majene,ID,-3.5403,118.9707,76.86,87,68,7.65,broken clouds,2021-08-01 20:57:05
248,Victoria,HK,22.2855,114.1577,85.32,89,98,1.01,overcast clouds,2021-08-01 20:57:05
249,Kantunilkin,MX,21.0917,-87.45,90.95,45,89,3.51,overcast clouds,2021-08-01 20:57:05
250,Harper,LR,4.375,-7.7169,76.17,79,79,7.29,broken clouds,2021-08-01 20:57:06
251,Seoul,KR,37.5683,126.9778,76.6,94,90,4.61,light rain,2021-08-01 20:54:35
252,Bentiu,SS,9.2333,29.8333,71.08,94,78,1.43,light rain,2021-08-01 20:57:06
253,Srednekolymsk,RU,67.45,153.6833,38.32,72,100,10.51,overcast clouds,2021-08-01 20:57:06
254,Irpa Irpa,BO,-17.7167,-66.2667,60.8,65,90,5.37,overcast clouds,2021-08-01 20:57:07
255,Santa Fe,AR,-31.6333,-60.7,64.98,33,0,1.99,clear sky,2021-08-01 20:56:20
256,The Pas,CA,53.8251,-101.2541,80.62,41,1,6.13,haze,2021-08-01 20:57:07
257,Kampong Thum,KH,12.7111,104.8887,77.22,83,100,2.28,overcast clouds,2021-08-01 20:56:39
258,Stokmarknes,NO,68.5646,14.9108,49.5,81,75,10.36,broken clouds,2021-08-01 20:57:08
259,Guerrero Negro,MX,27.9769,-114.0611,85.08,52,3,13.35,clear sky,2021-08-01 20:57:08
260,Yar-Sale,RU,66.8333,70.8333,54.54,96,100,17.54,moderate rain,2021-08-01 20:57:08
261,Wanning,CN,18.8003,110.3967,80.71,88,100,10.27,overcast clouds,2021-08-01 20:57:08
262,Xinzhou,CN,38.4092,112.7333,60.94,66,5,1.3,clear sky,2021-08-01 20:57:09
263,Blackfoot,US,43.1905,-112.345,86.58,31,76,6.31,broken clouds,2021-08-01 20:57:09
264,Okha,RU,53.5739,142.9478,54.23,77,72,5.57,broken clouds,2021-08-01 20:57:09
265,Zhanaozen,KZ,43.3,52.8,85.05,19,0,2.44,clear sky,2021-08-01 20:57:10
266,Lagoa,PT,39.05,-27.9833,72.0,95,49,16.8,scattered clouds,2021-08-01 20:57:10
267,Severo-Kurilsk,RU,50.6789,156.125,54.54,77,0,15.1,clear sky,2021-08-01 20:57:10
268,Lins,BR,-21.6786,-49.7425,71.38,38,88,4.94,overcast clouds,2021-08-01 20:57:10
269,Meiganga,CM,6.5167,14.3,65.57,96,100,2.1,light rain,2021-08-01 20:57:11
270,Kiama,AU,-34.6833,150.8667,44.46,93,3,4.43,clear sky,2021-08-01 20:57:11
271,Saldanha,ZA,-33.0117,17.9442,48.25,89,62,9.66,broken clouds,2021-08-01 20:57:11
272,Sioux Lookout,CA,50.1001,-91.917,73.78,46,75,9.22,broken clouds,2021-08-01 20:57:12
273,Dunedin,NZ,-45.8742,170.5036,49.8,78,99,15.01,overcast clouds,2021-08-01 20:54:51
274,Berlevag,NO,70.8578,29.0864,55.2,93,75,5.75,light intensity shower rain,2021-08-01 20:57:12
275,Ribeira Brava,PT,32.65,-17.0667,72.72,76,1,3.94,clear sky,2021-08-01 20:57:12
276,San Quintin,MX,30.4833,-115.95,78.55,59,4,15.48,clear sky,2021-08-01 20:57:13
277,Teguldet,RU,57.3064,88.1667,52.81,97,5,1.86,light rain,2021-08-01 20:57:13
278,Nemuro,JP,43.3236,145.575,65.75,99,100,8.68,overcast clouds,2021-08-01 20:57:13
279,North Bend,US,43.4065,-124.2243,75.92,100,47,1.99,scattered clouds,2021-08-01 20:57:14
280,Bestobe,KZ,52.4994,73.0975,71.26,57,5,10.04,clear sky,2021-08-01 20:57:14
281,Norman Wells,CA,65.282,-126.8329,84.24,34,40,3.44,smoke,2021-08-01 20:57:14
282,Margate,GB,51.3813,1.3862,60.69,84,99,3.0,overcast clouds,2021-08-01 20:57:14
283,Comodoro Rivadavia,AR,-45.8667,-67.5,64.26,22,0,11.5,clear sky,2021-08-01 20:57:15
284,Vardo,NO,70.3705,31.1107,55.15,93,75,14.97,broken clouds,2021-08-01 20:57:15
285,Muskegon,US,43.3,-86.1334,76.17,57,40,11.5,scattered clouds,2021-08-01 20:57:15
286,Nome,US,64.5011,-165.4064,51.87,87,90,10.36,mist,2021-08-01 20:57:16
287,Salvacion,PH,7.9833,126.1333,73.65,96,100,2.48,overcast clouds,2021-08-01 20:57:16
288,Grand Gaube,MU,-20.0064,57.6608,68.4,82,16,5.99,few clouds,2021-08-01 20:57:16
289,Wencheng,CN,33.0559,113.7978,76.14,96,10,5.08,clear sky,2021-08-01 20:57:17
290,Touros,BR,-5.1989,-35.4608,79.7,73,5,19.48,clear sky,2021-08-01 20:57:17
291,Makhinjauri,GE,41.6739,41.694,76.86,88,75,4.61,broken clouds,2021-08-01 20:57:17
292,Geraldton,AU,-28.7667,114.6,45.01,93,4,8.05,clear sky,2021-08-01 20:57:18
293,Tonder,DK,54.9331,8.8667,59.04,85,7,13.4,clear sky,2021-08-01 20:57:18
294,Nipawin,CA,53.3668,-104.0009,87.84,27,20,8.05,few clouds,2021-08-01 20:57:18
295,Sechura,PE,-5.5569,-80.8222,75.47,57,8,18.34,clear sky,2021-08-01 20:57:19
296,Port-Gentil,GA,-0.7193,8.7815,75.16,94,90,11.5,light rain,2021-08-01 20:57:19
297,Margherita,IN,27.2833,95.6833,74.68,97,16,2.64,few clouds,2021-08-01 20:57:19
298,Talnakh,RU,69.4865,88.3972,55.11,90,100,4.94,overcast clouds,2021-08-01 20:57:20
299,Hofn,IS,64.2539,-15.2082,54.09,93,98,3.76,overcast clouds,2021-08-01 20:57:20
300,Flinders,AU,-34.5833,150.8552,46.2,84,3,4.63,clear sky,2021-08-01 20:57:20
301,Pasni,PK,25.2631,63.471,81.19,89,91,14.29,overcast clouds,2021-08-01 20:57:20
302,Cidreira,BR,-30.1811,-50.2056,57.04,90,84,6.44,broken clouds,2021-08-01 20:57:21
303,Laguna,US,38.421,-121.4238,106.25,34,1,1.01,clear sky,2021-08-01 20:57:21
304,Chara,RU,56.9064,118.2631,50.45,95,100,4.12,light rain,2021-08-01 20:57:21
305,Shelopugino,RU,51.6514,117.5599,52.07,95,98,4.07,overcast clouds,2021-08-01 20:57:22
306,Mazagao,BR,-0.115,-51.2894,87.85,88,75,0.96,broken clouds,2021-08-01 20:57:22
307,Cochrane,CA,51.1834,-114.4687,93.2,26,1,18.41,clear sky,2021-08-01 20:57:22
308,Tuatapere,NZ,-46.1333,167.6833,40.82,91,100,4.21,moderate rain,2021-08-01 20:57:23
309,Cortez,US,37.3489,-108.5859,83.52,45,86,5.77,overcast clouds,2021-08-01 20:57:23
310,Qiongshan,CN,20.0058,110.3542,78.78,94,0,2.24,light rain,2021-08-01 20:52:47
311,Lavrentiya,RU,65.5833,-171.0,40.24,86,100,10.94,light rain,2021-08-01 20:57:23
312,Itacare,BR,-14.2775,-38.9967,69.69,88,70,14.03,broken clouds,2021-08-01 20:57:23
313,Cabo San Lucas,MX,22.8909,-109.9124,100.51,69,79,1.99,broken clouds,2021-08-01 20:52:56
314,Rabaul,PG,-4.1967,152.1721,78.49,83,12,11.61,few clouds,2021-08-01 20:57:24
315,Lazdijai,LT,54.2333,23.5167,59.63,91,100,7.47,overcast clouds,2021-08-01 20:57:24
316,Padampur,IN,29.6833,73.6167,91.6,52,56,9.6,broken clouds,2021-08-01 20:57:24
317,Mahajanga,MG,-15.7167,46.3167,71.62,78,20,2.3,few clouds,2021-08-01 20:57:25
318,Katsuura,JP,35.1333,140.3,82.11,83,2,4.0,clear sky,2021-08-01 20:57:25
319,Isangel,VU,-19.55,169.2667,69.78,59,83,11.14,broken clouds,2021-08-01 20:57:25
320,Mineiros,BR,-17.5694,-52.5511,75.36,25,7,6.76,clear sky,2021-08-01 20:57:26
321,Kato Khorion,GR,35.05,25.7833,88.65,43,0,10.74,clear sky,2021-08-01 20:57:26
322,Catamarca,AR,-28.4696,-65.7852,71.78,33,0,4.0,clear sky,2021-08-01 20:57:27
323,Ossora,RU,59.2353,163.0719,54.07,71,100,6.6,overcast clouds,2021-08-01 20:57:27
324,Luanda,AO,-8.8368,13.2343,73.4,88,75,8.05,broken clouds,2021-08-01 20:57:27
325,Kahului,US,20.8947,-156.47,83.97,78,18,16.04,few clouds,2021-08-01 20:57:27
326,Lorengau,PG,-2.0226,147.2712,82.6,76,46,9.73,scattered clouds,2021-08-01 20:57:28
327,Lotofaga,WS,-13.9764,-171.8578,80.38,82,95,19.66,moderate rain,2021-08-01 20:57:28
328,Vung Tau,VN,10.346,107.0843,80.51,83,97,16.58,overcast clouds,2021-08-01 20:57:28
329,Zavoaia,RO,44.95,27.4833,77.95,54,0,12.03,clear sky,2021-08-01 20:57:29
330,Mount Gambier,AU,-37.8333,140.7667,42.71,93,5,11.5,clear sky,2021-08-01 20:57:29
331,Yagoua,CM,10.3411,15.2329,75.43,85,100,4.52,overcast clouds,2021-08-01 20:57:29
332,Caravelas,BR,-17.7125,-39.2481,69.24,59,93,9.73,overcast clouds,2021-08-01 20:57:29
333,Maturin,VE,9.75,-63.1767,83.66,72,9,5.48,clear sky,2021-08-01 20:57:30
334,Dudinka,RU,69.4058,86.1778,51.06,96,100,5.88,overcast clouds,2021-08-01 20:57:30
335,Lashio,MM,22.9333,97.75,69.33,100,100,1.05,overcast clouds,2021-08-01 20:57:30
336,Mumford,GH,5.2618,-0.759,75.36,91,28,7.0,scattered clouds,2021-08-01 20:57:31
337,Maralal,KE,1.0968,36.698,60.62,60,96,6.06,overcast clouds,2021-08-01 20:57:31
338,Coihaique,CL,-45.5752,-72.0662,53.55,62,90,9.22,overcast clouds,2021-08-01 20:57:31
339,Cacak,RS,43.8914,20.3497,84.7,49,5,5.41,clear sky,2021-08-01 20:57:32
340,Khobi,GE,42.3156,41.8987,70.14,94,17,2.75,heavy intensity rain,2021-08-01 20:57:32
341,Aginskoye,RU,51.1,114.53,54.86,86,51,2.84,broken clouds,2021-08-01 20:57:32
342,Atar,MR,20.5169,-13.0499,97.03,28,10,10.16,clear sky,2021-08-01 20:57:32
343,San Pedro,PH,14.35,121.0167,83.43,83,90,5.75,light rain,2021-08-01 20:57:33
344,Aras,ES,42.5617,-2.356,63.01,55,0,5.75,clear sky,2021-08-01 20:57:33
345,Lyuban,BY,52.7985,28.0048,67.35,83,73,7.45,broken clouds,2021-08-01 20:57:33
346,Mingaora,PK,34.7758,72.3625,73.26,88,91,4.47,overcast clouds,2021-08-01 20:57:34
347,Kidal,ML,18.4411,1.4078,93.83,36,54,3.04,broken clouds,2021-08-01 20:57:34
348,Zhezkazgan,KZ,47.8043,67.7144,82.72,28,79,8.25,broken clouds,2021-08-01 20:57:34
349,Poltavka,RU,54.3663,71.7632,66.63,78,0,7.38,clear sky,2021-08-01 20:57:35
350,Kotaparh,IN,19.15,82.35,72.82,89,100,6.76,overcast clouds,2021-08-01 20:57:35
351,Millbrook,US,32.4799,-86.3619,93.15,60,1,3.44,clear sky,2021-08-01 20:57:35
352,Huntingdon,GB,52.3305,-0.1865,58.95,86,91,1.01,overcast clouds,2021-08-01 20:56:04
353,Yatou,CN,37.15,122.3833,72.14,92,0,3.29,clear sky,2021-08-01 20:57:36
354,Dongsheng,CN,39.8161,109.9776,60.76,63,13,11.05,few clouds,2021-08-01 20:57:36
355,Kautokeino,NO,69.0125,23.0412,38.1,90,62,6.44,broken clouds,2021-08-01 20:57:36
356,Yacuiba,BO,-22.038,-63.6797,68.27,27,47,6.26,scattered clouds,2021-08-01 20:57:37
357,Mpanda,TZ,-6.3655,31.0409,64.85,47,2,0.18,clear sky,2021-08-01 20:57:37
358,Mecca,SA,21.4267,39.8261,87.73,51,16,4.61,few clouds,2021-08-01 20:57:37
359,Olinda,BR,-8.0089,-34.8553,78.53,73,75,18.41,broken clouds,2021-08-01 20:55:40
360,Aswan,EG,24.0934,32.907,97.9,13,0,3.44,clear sky,2021-08-01 20:57:38
361,Luis Correia,BR,-2.8792,-41.6669,79.29,75,98,10.51,overcast clouds,2021-08-01 20:57:38
362,Port-Cartier,CA,50.0334,-66.8654,70.02,62,90,5.77,overcast clouds,2021-08-01 20:57:38
363,Tchollire,CM,8.4022,14.1698,71.08,93,99,3.8,overcast clouds,2021-08-01 20:57:39
364,Tucuman,AR,-26.8241,-65.2226,69.8,24,0,5.75,clear sky,2021-08-01 20:57:39
365,Ploemeur,FR,47.7333,-3.4333,62.82,90,0,4.61,clear sky,2021-08-01 20:57:39
366,Cumra,TR,37.5732,32.7745,70.2,26,0,5.73,light rain,2021-08-01 20:57:39
367,Marawi,PH,7.9986,124.2928,69.66,94,100,4.41,overcast clouds,2021-08-01 20:57:40
368,Hualmay,PE,-11.0964,-77.6139,67.17,74,11,10.02,few clouds,2021-08-01 20:57:40
369,Imeni Poliny Osipenko,RU,52.4201,136.4853,52.83,90,91,0.83,overcast clouds,2021-08-01 20:57:40
370,Okitipupa,NG,6.5047,4.7839,73.63,94,100,2.64,overcast clouds,2021-08-01 20:57:41
371,Vao,NC,-22.6667,167.4833,65.98,61,75,10.92,broken clouds,2021-08-01 20:57:41
372,Guayaramerin,BO,-10.8368,-65.3614,91.04,25,1,4.61,clear sky,2021-08-01 20:57:41
373,Kununurra,AU,-15.7667,128.7333,66.18,88,11,0.0,few clouds,2021-08-01 20:57:42
374,Arlit,NE,18.7369,7.3853,96.13,27,46,11.52,scattered clouds,2021-08-01 20:57:42
375,Boundiali,CI,9.5217,-6.4869,70.92,97,92,4.29,overcast clouds,2021-08-01 20:57:42
376,Tuy Hoa,VN,13.0833,109.3,83.21,67,99,12.24,overcast clouds,2021-08-01 20:57:43
377,Crossville,US,35.949,-85.0269,81.18,74,100,4.0,overcast clouds,2021-08-01 20:57:43
378,Khilok,RU,51.3674,110.4676,51.98,94,91,3.53,overcast clouds,2021-08-01 20:57:43
379,Carutapera,BR,-1.195,-46.02,75.96,89,72,3.42,broken clouds,2021-08-01 20:53:15
380,Nishihara,JP,26.1842,127.7558,81.68,89,75,18.41,broken clouds,2021-08-01 20:57:44
381,Konevo,RU,62.1215,39.3192,57.49,99,100,5.77,overcast clouds,2021-08-01 20:57:44
382,Keetmanshoop,NA,-26.5833,18.1333,58.12,23,0,9.22,clear sky,2021-08-01 20:57:44
383,Verkhniy Baskunchak,RU,48.2256,46.7217,85.1,36,2,5.82,clear sky,2021-08-01 20:57:45
384,Santa Cruz,BO,-17.8,-63.1667,74.66,23,75,17.27,smoke,2021-08-01 20:55:38
385,Ozerne,UA,50.1782,28.7338,69.94,76,66,6.22,broken clouds,2021-08-01 20:57:45
386,Krasnoselkup,RU,65.7,82.4667,53.65,75,100,6.26,overcast clouds,2021-08-01 20:57:45
387,Wabrzezno,PL,53.2799,18.9477,62.1,91,100,3.42,overcast clouds,2021-08-01 20:57:46
388,Cedar City,US,37.6775,-113.0619,83.39,44,20,16.11,few clouds,2021-08-01 20:55:47
389,Ambon,ID,-3.6954,128.1814,75.34,94,40,8.05,scattered clouds,2021-08-01 20:57:46
390,Rio Grande,BR,-32.035,-52.0986,53.71,90,29,5.23,scattered clouds,2021-08-01 20:56:20
391,Gualeguay,AR,-33.1416,-59.3097,54.86,60,0,3.65,clear sky,2021-08-01 20:57:46
392,Julio De Castilhos,BR,-29.2269,-53.6817,61.18,78,0,5.97,clear sky,2021-08-01 20:57:47
393,Yenagoa,NG,4.9247,6.2642,76.64,82,90,4.88,overcast clouds,2021-08-01 20:57:47
394,Reigate,GB,51.2376,-0.2078,62.19,90,75,1.01,broken clouds,2021-08-01 20:57:47
395,Hudson,US,40.7168,-74.0663,79.05,68,75,15.99,broken clouds,2021-08-01 20:57:48
396,Tornio,FI,65.8481,24.1466,57.22,80,99,11.52,overcast clouds,2021-08-01 20:57:48
397,Nouadhibou,MR,20.931,-17.0347,73.38,78,0,12.66,clear sky,2021-08-01 20:57:48
398,Shingu,JP,33.7333,135.9833,78.91,89,78,3.76,broken clouds,2021-08-01 20:57:48
399,Sinnamary,GF,5.3833,-52.95,81.12,78,55,7.72,broken clouds,2021-08-01 20:57:49
400,Aldan,RU,58.6031,125.3894,53.37,98,100,3.27,heavy intensity rain,2021-08-01 20:57:49
401,Port Arthur,CN,38.8,121.2667,71.82,87,7,7.16,clear sky,2021-08-01 20:57:49
402,Tres Arroyos,AR,-38.3739,-60.2798,47.79,43,2,5.77,clear sky,2021-08-01 20:57:50
403,Kayseri,TR,38.737,35.4968,71.62,53,0,9.22,clear sky,2021-08-01 20:57:50
404,Mount Isa,AU,-20.7333,139.5,58.77,58,20,1.14,few clouds,2021-08-01 20:57:50
405,Aquiraz,BR,-3.9014,-38.3911,80.69,81,100,8.61,overcast clouds,2021-08-01 20:57:51
406,Beaufort,MY,5.3473,115.7455,77.16,95,100,3.24,overcast clouds,2021-08-01 20:57:51
407,Kenai,US,60.5544,-151.2583,72.03,71,14,7.45,few clouds,2021-08-01 20:57:51
408,Kyren,RU,51.6828,102.1408,58.95,98,100,3.89,light rain,2021-08-01 20:57:51
409,Ena,JP,35.4498,137.4128,75.99,94,2,3.38,clear sky,2021-08-01 20:57:52
410,Aksu,CN,41.1231,80.2644,75.97,17,72,5.53,broken clouds,2021-08-01 20:55:31
411,Malanje,AO,-9.5402,16.341,69.44,29,8,3.22,clear sky,2021-08-01 20:57:52
412,Basavana Bagevadi,IN,16.5833,75.9667,70.93,84,49,18.41,scattered clouds,2021-08-01 20:57:52
413,Saveh,IR,35.0213,50.3566,85.84,26,73,9.48,broken clouds,2021-08-01 20:57:53
414,Verkhoyansk,RU,67.5447,133.385,58.12,47,0,2.57,clear sky,2021-08-01 20:57:53
415,Chuy,UY,-33.6971,-53.4616,50.58,91,25,5.91,scattered clouds,2021-08-01 20:57:53
416,Pingliang,CN,35.5392,106.6861,70.39,49,9,3.11,clear sky,2021-08-01 20:57:54
417,Irara,BR,-12.05,-38.7667,65.89,81,34,6.76,scattered clouds,2021-08-01 20:53:10
418,Port Blair,IN,11.6667,92.75,81.57,82,100,18.7,overcast clouds,2021-08-01 20:57:54
419,Barkot,IN,30.8167,78.2,70.3,92,19,3.0,few clouds,2021-08-01 20:57:54
420,Riberalta,BO,-10.9833,-66.1,88.0,35,3,18.41,smoke,2021-08-01 20:57:55
421,Husavik,IS,66.0449,-17.3389,57.11,69,65,3.62,broken clouds,2021-08-01 20:57:55
422,Boras,SE,57.721,12.9401,58.55,94,9,4.65,clear sky,2021-08-01 20:57:20
423,Niceville,US,30.5169,-86.4822,97.47,77,87,4.0,overcast clouds,2021-08-01 20:57:55
424,Fortuna,US,40.5982,-124.1573,68.92,68,20,16.11,few clouds,2021-08-01 20:57:56
425,Sao Felix Do Xingu,BR,-6.6447,-51.995,90.09,30,100,4.21,overcast clouds,2021-08-01 20:57:56
426,Champerico,GT,14.3,-91.9167,90.77,71,83,7.38,broken clouds,2021-08-01 20:57:56
427,Samarai,PG,-10.6167,150.6667,75.96,68,85,6.58,overcast clouds,2021-08-01 20:57:57
428,Saint-Louis,SN,16.3333,-15.0,94.1,41,55,8.32,broken clouds,2021-08-01 20:57:57
429,Benghazi,LY,32.1167,20.0667,82.65,66,0,12.88,clear sky,2021-08-01 20:57:57
430,Mehamn,NO,71.0357,27.8492,49.91,97,100,19.04,overcast clouds,2021-08-01 20:57:58
431,Ust-Karsk,RU,52.7011,118.8077,53.13,92,90,2.33,overcast clouds,2021-08-01 20:57:58
432,Adrar,MR,20.5022,-10.0711,96.28,24,33,8.68,scattered clouds,2021-08-01 20:57:58
433,Upata,VE,8.0086,-62.3989,77.76,88,45,1.01,scattered clouds,2021-08-01 20:57:58
434,Sawtell,AU,-30.3833,153.1,64.18,79,98,10.36,overcast clouds,2021-08-01 20:57:59
435,Preobrazheniye,RU,42.9019,133.9064,71.26,85,98,13.47,overcast clouds,2021-08-01 20:57:59
436,Barkhan,PK,29.8977,69.5256,84.9,50,10,7.78,clear sky,2021-08-01 20:57:59
437,Pindi Gheb,PK,33.2402,72.2661,91.98,50,67,8.9,broken clouds,2021-08-01 20:58:00
438,Obuasi,GH,6.206,-1.6619,71.8,91,43,1.72,scattered clouds,2021-08-01 20:58:00
439,Praia Da Vitoria,PT,38.7333,-27.0667,75.76,100,90,16.84,light intensity drizzle,2021-08-01 20:58:00
440,Carballo,ES,43.213,-8.691,65.55,94,100,4.27,overcast clouds,2021-08-01 20:58:01
441,Changping,CN,40.2186,116.2197,70.65,67,19,6.98,few clouds,2021-08-01 20:58:01
442,Rawson,AR,-43.3002,-65.1023,61.25,32,34,10.51,scattered clouds,2021-08-01 20:58:01
443,Kayankulam,IN,9.1833,76.5,77.49,83,100,7.67,overcast clouds,2021-08-01 20:58:01
444,Lompoc,US,34.6391,-120.4579,89.78,64,7,10.0,clear sky,2021-08-01 20:58:02
445,Tanete,ID,-3.9443,119.7848,73.15,97,93,4.9,overcast clouds,2021-08-01 20:58:02
446,Shelburne,CA,44.0787,-80.2041,66.09,65,93,11.97,overcast clouds,2021-08-01 20:58:03
447,Havre-Saint-Pierre,CA,50.2334,-63.5986,59.36,88,75,12.66,broken clouds,2021-08-01 20:58:03
448,Kandi,BJ,11.1342,2.9386,73.87,93,90,4.5,moderate rain,2021-08-01 20:58:03
449,Fairbanks,US,64.8378,-147.7164,75.09,60,100,2.98,overcast clouds,2021-08-01 20:58:03
450,Xai-Xai,MZ,-25.0519,33.6442,62.83,57,1,7.31,clear sky,2021-08-01 20:58:04
451,Pundaguitan,PH,6.3711,126.1689,83.05,76,97,7.05,moderate rain,2021-08-01 20:58:04
452,Broome,US,42.2506,-75.833,63.01,95,90,1.01,moderate rain,2021-08-01 20:58:04
453,Merke,KZ,42.8728,73.1786,71.56,28,69,1.7,broken clouds,2021-08-01 20:58:05
454,Skibbereen,IE,51.55,-9.2667,60.6,80,98,7.76,overcast clouds,2021-08-01 20:58:05
455,Bonavista,CA,48.6499,-53.1147,71.6,68,100,19.01,overcast clouds,2021-08-01 20:58:05
456,Sept-Iles,CA,50.2001,-66.3821,70.32,67,75,5.01,broken clouds,2021-08-01 20:58:04
457,Fountain Hills,US,33.6117,-111.7174,103.51,33,82,5.01,broken clouds,2021-08-01 20:58:06
458,Yabluniv,UA,48.4042,24.9387,69.37,71,77,5.03,broken clouds,2021-08-01 20:58:06
459,Narasaraopet,IN,16.25,80.0667,85.59,52,89,12.59,overcast clouds,2021-08-01 20:58:06
460,Paternion,AT,46.7142,13.6361,62.33,94,93,5.1,overcast clouds,2021-08-01 20:58:07
461,Broken Hill,AU,-31.95,141.4333,46.11,87,0,11.5,clear sky,2021-08-01 20:58:07
462,Ambilobe,MG,-13.2,49.05,68.32,81,6,4.29,clear sky,2021-08-01 20:54:17
463,Canton,CN,23.1167,113.25,81.88,70,100,2.01,overcast clouds,2021-08-01 20:54:03
464,Suhbaatar,MN,50.2314,106.2078,63.59,76,100,3.11,moderate rain,2021-08-01 20:58:07
465,Fortuna Foothills,US,32.6578,-114.4119,108.21,24,1,4.0,clear sky,2021-08-01 20:58:08
466,Skjervoy,NO,70.0311,20.9714,47.43,71,66,4.25,broken clouds,2021-08-01 20:58:08
467,Akot,IN,21.0964,77.0586,76.23,83,100,13.78,overcast clouds,2021-08-01 20:58:08
468,Kariba,ZW,-16.5167,28.8,64.15,56,0,4.41,clear sky,2021-08-01 20:58:08
469,Egvekinot,RU,66.3167,-179.1667,42.37,64,50,2.1,scattered clouds,2021-08-01 20:58:09
470,Makarov,RU,48.6333,142.8,59.04,77,32,3.06,scattered clouds,2021-08-01 20:58:09
471,The Valley,AI,18.217,-63.0578,87.66,70,20,13.8,few clouds,2021-08-01 20:54:26
472,Tashla,RU,51.7716,52.7427,74.79,50,7,4.5,clear sky,2021-08-01 20:58:09
473,Yuncheng,CN,35.0231,110.9928,78.39,75,99,5.14,overcast clouds,2021-08-01 20:58:10
474,Monrovia,LR,6.3005,-10.7969,76.77,77,100,10.16,overcast clouds,2021-08-01 20:58:10
475,Ekibastuz,KZ,51.6667,75.3667,73.69,48,14,6.62,few clouds,2021-08-01 20:58:10
476,Nan,TH,18.8333,100.6667,73.38,98,100,1.9,overcast clouds,2021-08-01 20:58:11
477,Biak,ID,-0.9131,122.8766,74.84,85,30,5.64,scattered clouds,2021-08-01 20:58:11
478,San Cristobal,VE,7.7669,-72.225,84.38,80,68,7.29,broken clouds,2021-08-01 20:58:11
479,Sumbe,AO,-11.2061,13.8437,70.99,91,5,5.55,clear sky,2021-08-01 20:58:12
480,Akyab,MM,20.15,92.9,79.88,87,100,3.78,overcast clouds,2021-08-01 20:58:12
481,Chapais,CA,49.7834,-74.8492,65.98,58,97,9.06,overcast clouds,2021-08-01 20:58:12
482,Arandis,NA,-22.4167,14.9667,66.54,20,0,5.95,clear sky,2021-08-01 20:58:13
483,Garden City,US,42.3256,-83.331,75.31,69,47,13.27,scattered clouds,2021-08-01 20:58:13
484,Vanavara,RU,60.34,102.2797,53.37,63,43,4.32,scattered clouds,2021-08-01 20:58:13
485,Fare,PF,-16.7,-151.0167,76.78,69,62,13.6,broken clouds,2021-08-01 20:58:13
486,Butembo,CD,0.15,29.2833,57.94,82,100,2.64,overcast clouds,2021-08-01 20:58:14
487,Vagay,RU,57.9375,69.0217,61.03,98,21,6.06,few clouds,2021-08-01 20:58:14
488,Hohhot,CN,40.8106,111.6522,57.49,72,0,6.71,clear sky,2021-08-01 20:58:14
489,Bertoua,CM,4.5833,13.6833,68.07,97,100,1.3,moderate rain,2021-08-01 20:58:15
490,Buala,SB,-8.145,159.5921,78.51,86,99,6.64,moderate rain,2021-08-01 20:58:15
491,Awbari,LY,26.5921,12.7805,91.44,9,0,6.24,clear sky,2021-08-01 20:58:15
492,West Bay,KY,19.3667,-81.4167,90.07,74,40,3.0,scattered clouds,2021-08-01 20:58:15
493,Sheridan,US,44.8333,-106.9173,91.31,25,22,5.99,few clouds,2021-08-01 20:54:24
494,Muzhi,RU,65.3667,64.6667,50.13,96,47,2.33,scattered clouds,2021-08-01 20:58:16
495,Lukh,RU,57.0124,42.2584,62.1,93,97,7.27,overcast clouds,2021-08-01 20:58:16
496,Lumeje,AO,-11.55,20.7833,63.48,36,2,6.13,clear sky,2021-08-01 20:58:17
497,El Tigre,VE,8.8875,-64.2454,81.16,68,77,6.73,broken clouds,2021-08-01 20:56:34
498,Avera,US,33.194,-82.5271,96.71,38,65,14.58,broken clouds,2021-08-01 20:58:17
499,Beringovskiy,RU,63.05,179.3167,46.06,73,44,14.43,scattered clouds,2021-08-01 20:58:17
500,Calella,ES,41.618,2.6678,75.34,70,60,4.09,broken clouds,2021-08-01 20:58:18
501,Lata,PT,40.1629,-8.3327,67.35,98,99,2.33,overcast clouds,2021-08-01 20:58:18
502,Katangli,RU,51.7102,143.2326,53.85,88,100,8.34,overcast clouds,2021-08-01 20:58:18
503,Cockburn Town,TC,21.4612,-71.1419,85.96,70,40,12.66,scattered clouds,2021-08-01 20:58:18
504,Bereda,ES,43.2686,-7.5406,62.42,100,94,3.85,overcast clouds,2021-08-01 20:58:19
505,Honiara,SB,-9.4333,159.95,78.44,82,39,3.38,scattered clouds,2021-08-01 20:54:24
506,Jaisalmer,IN,26.9147,70.9181,83.43,69,99,21.0,overcast clouds,2021-08-01 20:56:39
507,El Alto,PE,-4.2714,-81.2147,71.26,69,8,21.81,clear sky,2021-08-01 20:58:19
508,Svetlaya,RU,46.5389,138.3297,63.0,90,98,12.1,overcast clouds,2021-08-01 20:58:20
509,Otane,NZ,-39.8833,176.6333,43.02,80,52,1.77,broken clouds,2021-08-01 20:58:20
510,Pochutla,MX,15.7432,-96.4661,87.46,65,58,5.26,broken clouds,2021-08-01 20:58:20
511,Homer,US,59.6425,-151.5483,72.09,61,50,2.95,scattered clouds,2021-08-01 20:58:21
512,Mandera,KE,3.9366,41.867,80.13,54,94,23.11,overcast clouds,2021-08-01 20:58:21
513,Evensk,RU,61.95,159.2333,43.56,86,100,17.4,light rain,2021-08-01 20:58:21
514,Kloulklubed,PW,7.0419,134.2556,83.17,79,100,13.02,overcast clouds,2021-08-01 20:58:21
515,Belaya Kholunitsa,RU,58.84,50.8528,58.78,84,65,3.8,light rain,2021-08-01 20:58:22
516,San Policarpo,PH,12.1791,125.5072,82.76,76,97,10.13,overcast clouds,2021-08-01 20:58:22
517,Durg,IN,21.1833,81.2833,75.78,84,100,10.78,overcast clouds,2021-08-01 20:58:22
518,Colesberg,ZA,-30.72,25.0972,46.33,33,7,4.25,clear sky,2021-08-01 20:58:23
519,Muros,ES,42.7762,-9.0603,65.08,93,100,6.04,overcast clouds,2021-08-01 20:58:23
520,Merauke,ID,-8.4667,140.3333,72.9,85,9,12.5,clear sky,2021-08-01 20:58:23
521,Lazaro Cardenas,MX,17.9583,-102.2,87.31,69,11,11.43,few clouds,2021-08-01 20:58:24
522,Morant Bay,JM,17.8815,-76.4093,83.66,77,17,13.96,few clouds,2021-08-01 20:58:24
523,Inirida,CO,3.8653,-67.9239,77.05,92,51,3.51,broken clouds,2021-08-01 20:58:24
524,Choya,RU,52.0108,86.5467,56.53,74,100,4.07,overcast clouds,2021-08-01 20:58:25
525,Petropavlovsk-Kamchatskiy,RU,53.0452,158.6483,54.19,88,40,6.71,scattered clouds,2021-08-01 20:58:25
526,Gunjur,GM,13.2019,-16.7339,80.67,94,75,10.36,broken clouds,2021-08-01 20:58:25
527,Vancouver,CA,49.2497,-123.1193,81.95,62,75,1.99,haze,2021-08-01 20:55:34
528,Provideniya,RU,64.3833,-173.3,42.91,75,90,20.13,overcast clouds,2021-08-01 20:58:25
529,San Andres,CO,12.5847,-81.7006,86.02,79,40,18.41,scattered clouds,2021-08-01 20:58:21
530,Hirara,JP,24.8,125.2833,81.12,85,100,8.66,light rain,2021-08-01 20:58:26
531,Faya,SA,18.3851,42.4509,68.11,68,98,3.58,overcast clouds,2021-08-01 20:58:26
532,Maine-Soroa,NE,13.2114,12.0241,83.66,63,88,16.46,overcast clouds,2021-08-01 20:58:26
533,Kamen-Rybolov,RU,44.7481,132.0403,69.51,93,5,7.61,clear sky,2021-08-01 20:58:27
534,Morondava,MG,-20.2833,44.2833,67.59,89,1,9.17,clear sky,2021-08-01 20:58:27
535,Strezhevoy,RU,60.7333,77.5889,58.98,78,100,6.93,overcast clouds,2021-08-01 20:58:27
536,Tessalit,ML,20.1986,1.0114,86.86,39,4,14.36,clear sky,2021-08-01 20:58:28
537,Vermillion,US,42.7794,-96.9292,87.03,23,0,9.17,clear sky,2021-08-01 20:58:28
538,Dodola,ET,6.9833,39.1833,53.98,90,100,2.77,overcast clouds,2021-08-01 20:58:28
539,Nyuksenitsa,RU,60.4128,44.2397,59.58,99,100,4.65,moderate rain,2021-08-01 20:58:28
540,Farmington,US,36.7281,-108.2187,88.77,29,18,5.01,few clouds,2021-08-01 20:56:23
541,Kimbe,PG,-5.5502,150.1429,75.29,88,51,4.25,broken clouds,2021-08-01 20:58:29
542,Rosario,AR,-32.9468,-60.6393,66.11,27,0,0.0,clear sky,2021-08-01 20:54:23
543,Santa Maria,BR,-29.6842,-53.8069,65.5,52,20,2.3,few clouds,2021-08-01 20:56:02
544,Les Cayes,HT,18.2,-73.75,85.55,71,62,11.43,broken clouds,2021-08-01 20:58:29
545,Kjollefjord,NO,70.9457,27.3465,49.78,94,100,19.06,overcast clouds,2021-08-01 20:58:30
546,Quelimane,MZ,-17.8786,36.8883,67.95,82,0,5.01,clear sky,2021-08-01 20:58:30
547,Jilib,SO,0.4883,42.7854,73.47,85,79,9.55,broken clouds,2021-08-01 20:58:30
548,Gogrial,SS,8.5332,28.1004,71.98,94,100,3.11,overcast clouds,2021-08-01 20:58:31
549,Komsomolskiy,UZ,40.4272,71.7189,81.75,29,100,9.22,overcast clouds,2021-08-01 20:58:31
550,Salinas,US,36.6777,-121.6555,84.0,69,0,10.0,clear sky,2021-08-01 20:56:14
551,Chumikan,RU,54.7183,135.315,56.07,77,100,1.19,overcast clouds,2021-08-01 20:58:31
552,Zahir Pir,PK,28.8124,70.524,92.91,48,86,15.52,overcast clouds,2021-08-01 20:58:32
553,Alamosa,US,37.4695,-105.87,72.91,43,96,10.22,overcast clouds,2021-08-01 20:58:32
554,Bitburg,DE,49.9667,6.5333,57.7,55,97,4.03,overcast clouds,2021-08-01 20:58:32
555,Edd,ER,13.9297,41.6925,90.93,63,100,6.35,overcast clouds,2021-08-01 20:58:33
556,Baghdad,IQ,33.3406,44.4009,96.71,17,0,8.05,clear sky,2021-08-01 20:58:05
557,Alugan,PH,12.2188,125.4808,82.51,77,96,9.69,overcast clouds,2021-08-01 20:58:33
558,Balkanabat,TM,39.5108,54.3671,88.83,13,60,4.38,broken clouds,2021-08-01 20:58:33
559,Brae,GB,60.3964,-1.353,49.91,80,100,13.18,overcast clouds,2021-08-01 20:58:34
560,Pombas,CV,17.1503,-25.0201,76.78,84,72,8.55,broken clouds,2021-08-01 20:58:34
561,Aksehir,TR,38.3575,31.4164,71.65,37,0,7.43,clear sky,2021-08-01 20:58:34
562,Manuk Mangkaw,PH,4.8,119.85,84.42,72,94,12.01,overcast clouds,2021-08-01 20:58:35
563,Fuyang,CN,32.9,115.8167,77.18,92,17,3.94,light rain,2021-08-01 20:58:35
564,Srandakan,ID,-7.9386,110.2506,75.04,87,38,6.2,scattered clouds,2021-08-01 20:58:35
565,Bay Roberts,CA,47.5999,-53.2648,71.35,65,41,14.74,scattered clouds,2021-08-01 20:58:36
566,Bulgan,MN,48.8125,103.5347,56.86,99,100,3.33,light rain,2021-08-01 20:58:36
567,Kalivia,GR,35.0583,25.2272,86.92,38,0,10.8,clear sky,2021-08-01 20:58:36
568,Emerald,AU,-23.5333,148.1667,64.98,75,0,4.61,clear sky,2021-08-01 20:58:36
569,Poya,NC,-21.35,165.15,65.89,57,16,4.54,few clouds,2021-08-01 20:58:37
570,Orito,CO,0.6766,-76.8771,76.59,97,100,1.59,overcast clouds,2021-08-01 20:58:37
571,Najran,SA,17.4924,44.1277,84.85,36,100,2.39,overcast clouds,2021-08-01 20:58:38
572,Pontianak,ID,-0.0333,109.3333,76.98,100,90,1.14,overcast clouds,2021-08-01 20:58:38
573,Shimoda,JP,34.6667,138.95,72.1,78,4,1.03,clear sky,2021-08-01 20:58:38
574,Dunmore East,IE,52.1514,-6.9861,58.68,73,20,6.91,few clouds,2021-08-01 20:58:38
575,Devgarh,IN,25.5333,73.9,73.27,93,100,15.52,light rain,2021-08-01 20:58:39
576,Palu,ID,-0.8917,119.8707,74.37,94,56,2.44,broken clouds,2021-08-01 20:58:39
577,Hede,CN,33.7681,120.2517,75.6,97,1,4.23,light rain,2021-08-01 20:58:39
578,Kinango,KE,-4.1372,39.3153,67.1,97,36,5.73,scattered clouds,2021-08-01 20:58:40
579,Iisalmi,FI,63.5592,27.1907,62.62,97,84,4.81,broken clouds,2021-08-01 20:58:40
580,Dubai,AE,25.2582,55.3047,94.93,49,0,4.61,clear sky,2021-08-01 20:55:35
581,Blyth,GB,55.1271,-1.5086,55.36,88,0,0.0,clear sky,2021-08-01 20:58:41
582,Pringsewu,ID,-5.3582,104.9744,72.34,98,34,1.88,scattered clouds,2021-08-01 20:58:41
583,Gornopravdinsk,RU,60.05,69.9,60.42,100,99,3.22,overcast clouds,2021-08-01 20:58:41
584,Sena Madureira,BR,-9.0656,-68.6569,90.73,23,1,3.47,clear sky,2021-08-01 20:58:41
585,Bacungan,PH,9.9106,118.7022,79.57,83,72,4.68,broken clouds,2021-08-01 20:58:42
586,Sirjan,IR,29.452,55.6814,81.46,33,74,11.32,broken clouds,2021-08-01 20:58:42
587,Oussouye,SN,12.485,-16.5469,78.98,86,96,9.91,light rain,2021-08-01 20:58:42
588,Ipixuna,BR,-1.7625,-48.8043,87.75,67,60,1.72,broken clouds,2021-08-01 20:58:43
589,Artigas,UY,-30.4,-56.4667,56.79,67,0,6.71,clear sky,2021-08-01 20:58:43
590,Galveston,US,29.3669,-94.9669,94.17,77,100,1.99,overcast clouds,2021-08-01 20:58:43
591,Zapolyarnyy,RU,69.4154,30.8136,56.48,90,99,6.13,overcast clouds,2021-08-01 20:58:43
592,Wufeng,CN,27.45,104.8333,57.15,68,2,4.23,clear sky,2021-08-01 20:58:44
593,Caborca,MX,30.5838,-111.101,94.5,30,8,3.62,clear sky,2021-08-01 20:58:44
594,Rizhao,CN,35.4275,119.4553,74.3,92,25,5.53,scattered clouds,2021-08-01 20:58:44
595,Ballina,AU,-28.8667,153.5667,66.16,82,51,9.22,broken clouds,2021-08-01 20:58:45
596,Helsinki,FI,60.1695,24.9355,63.03,77,0,3.0,clear sky,2021-08-01 20:58:45
597,Abu Dhabi,AE,24.4667,54.3667,93.31,62,0,4.61,clear sky,2021-08-01 20:58:42
598,Kailua,US,21.4022,-157.7394,82.15,64,20,25.19,few clouds,2021-08-01 20:58:45
599,Gillette,US,44.2911,-105.5022,86.81,29,65,3.0,broken clouds,2021-08-01 20:58:46
600,Vestmanna,FO,62.1564,-7.1664,47.32,81,90,6.91,overcast clouds,2021-08-01 20:58:46
601,Honningsvag,NO,70.9821,25.9704,44.76,84,100,18.16,light rain,2021-08-01 20:58:46
602,Gerash,IR,27.6652,54.1371,89.74,22,3,2.15,clear sky,2021-08-01 20:58:47
603,Nova Olinda Do Norte,BR,-3.8881,-59.0942,91.65,37,62,1.23,broken clouds,2021-08-01 20:58:47
604,Payo,ID,-3.7508,103.6372,70.83,97,97,1.66,overcast clouds,2021-08-01 20:58:47
605,Sotouboua,TG,8.5667,0.9833,72.03,85,30,3.29,scattered clouds,2021-08-01 20:58:47
606,Nyaunglebin,MM,17.95,96.7333,74.89,96,100,4.16,overcast clouds,2021-08-01 20:58:48
607,Itarema,BR,-2.9248,-39.9167,78.98,74,90,13.29,overcast clouds,2021-08-01 20:58:48
608,Bambari,CF,5.768,20.6757,68.9,92,100,1.19,overcast clouds,2021-08-01 20:58:48
609,Ust-Kut,RU,56.7938,105.7672,52.2,68,28,2.46,scattered clouds,2021-08-01 20:58:49
610,Lauro Muller,BR,-28.3928,-49.3967,57.47,86,38,1.43,scattered clouds,2021-08-01 20:58:49
611,Stykkisholmur,IS,65.0757,-22.7297,55.4,89,100,2.39,overcast clouds,2021-08-01 20:58:49
612,Owo,NG,7.1962,5.5868,70.59,96,100,3.47,light rain,2021-08-01 20:58:50
613,Lufilufi,WS,-13.8745,-171.5986,80.38,81,95,20.24,light rain,2021-08-01 20:58:50
614,Mwene-Ditu,CD,-7.0,23.45,72.41,31,100,3.27,overcast clouds,2021-08-01 20:58:50
615,Almaznyy,RU,48.0448,40.045,71.74,51,59,7.38,broken clouds,2021-08-01 20:58:51
616,Acari,PE,-15.4311,-74.6158,74.21,53,3,7.29,clear sky,2021-08-01 20:58:51
617,Halifax,CA,44.6453,-63.5724,75.09,64,1,3.0,clear sky,2021-08-01 20:58:20
618,Launceston,AU,-41.45,147.1667,38.16,94,75,0.0,broken clouds,2021-08-01 20:58:51
619,Barra Velha,BR,-26.6322,-48.6847,63.59,86,100,0.85,overcast clouds,2021-08-01 20:55:27
620,Lamu,KE,-2.2717,40.902,75.81,81,52,17.02,broken clouds,2021-08-01 20:58:52
621,Zimovniki,RU,47.1483,42.4633,80.64,28,6,4.65,clear sky,2021-08-01 20:58:52
622,Tautira,PF,-17.7333,-149.15,82.42,63,52,8.61,broken clouds,2021-08-01 20:58:52
623,Naryan-Mar,RU,67.6713,53.087,50.27,89,92,8.23,overcast clouds,2021-08-01 20:58:53
624,Nacala,MZ,-14.5428,40.6728,68.47,81,4,7.81,clear sky,2021-08-01 20:58:53
625,Simbahan,PH,6.3032,120.5836,83.35,77,73,10.8,broken clouds,2021-08-01 20:58:53
626,Puerto Escondido,MX,15.85,-97.0667,88.12,62,68,5.77,broken clouds,2021-08-01 20:58:53
627,Ericeira,PT,38.9627,-9.4156,71.31,94,67,7.34,broken clouds,2021-08-01 20:55:21
628,Aklavik,CA,68.2191,-135.0107,85.03,34,100,21.61,overcast clouds,2021-08-01 20:58:47
629,Kuching,MY,1.55,110.3333,75.42,94,20,2.3,mist,2021-08-01 20:58:54
630,Saint George,US,37.1041,-113.5841,96.26,29,1,5.99,clear sky,2021-08-01 20:58:54
631,Pimentel,PE,-6.8367,-79.9342,71.89,79,75,5.99,broken clouds,2021-08-01 20:58:54
632,Urumqi,CN,43.801,87.6005,65.35,49,0,8.95,clear sky,2021-08-01 20:58:55
633,Saint-Augustin,CA,51.226,-58.6502,64.72,67,87,17.96,overcast clouds,2021-08-01 20:58:55
634,Luderitz,NA,-26.6481,15.1594,66.31,37,0,7.78,clear sky,2021-08-01 20:58:27
635,Tahta,EG,26.7693,31.5021,93.31,17,53,3.67,broken clouds,2021-08-01 20:58:56
636,Yerbogachen,RU,61.2767,108.0108,59.36,61,100,5.06,overcast clouds,2021-08-01 20:58:56
637,Kristiinankaupunki,FI,62.2743,21.376,59.02,79,87,5.08,overcast clouds,2021-08-01 20:58:56
638,Zhuhai,CN,22.2769,113.5678,85.05,94,40,4.61,scattered clouds,2021-08-01 20:58:57
639,Cardston,CA,49.2,-113.3019,91.69,25,38,12.66,scattered clouds,2021-08-01 20:58:57
640,Sumenep,ID,-7.0167,113.8667,76.71,81,11,2.91,few clouds,2021-08-01 20:58:57
641,Yagodnoye,RU,62.55,149.6667,39.87,90,100,7.87,light rain,2021-08-01 20:58:57
642,Lipany,SK,49.1538,20.9638,64.44,91,45,3.91,scattered clouds,2021-08-01 20:58:58
643,Tavricheskoye,RU,54.5851,73.6395,66.11,70,68,7.85,broken clouds,2021-08-01 20:58:58
644,Solton,RU,52.8429,86.4787,56.03,71,88,3.09,overcast clouds,2021-08-01 20:58:58
645,Mahalapye,BW,-23.1041,26.8142,57.78,30,0,4.94,clear sky,2021-08-01 20:58:59
646,Kostomuksha,RU,64.571,30.5767,57.16,93,100,6.98,overcast clouds,2021-08-01 20:58:59
647,Mardan,PK,34.2019,72.0525,84.74,75,91,5.21,overcast clouds,2021-08-01 20:58:59
648,Ciudad Bolivar,VE,8.1222,-63.5497,83.64,70,25,8.41,scattered clouds,2021-08-01 20:59:00
649,Ixtapa,MX,20.7,-105.2,89.22,75,7,7.0,clear sky,2021-08-01 20:59:00
650,Esmeralda,CU,21.8525,-78.1169,86.94,68,62,10.13,broken clouds,2021-08-01 20:59:00
651,Manggar,ID,-2.8833,108.2667,80.56,74,68,9.55,broken clouds,2021-08-01 20:59:00
652,Saint-Raymond,CA,45.467,-73.6095,66.52,68,90,1.14,overcast clouds,2021-08-01 20:59:01
653,Kulhudhuffushi,MV,6.6221,73.07,82.31,77,100,15.68,overcast clouds,2021-08-01 20:59:01
654,Peoria,US,40.7667,-89.7668,81.18,35,0,11.21,clear sky,2021-08-01 20:54:18
655,Anito,PH,12.4497,125.2886,81.99,78,100,9.98,overcast clouds,2021-08-01 20:59:01
656,Hit,IQ,33.6416,42.8251,96.6,14,18,6.26,few clouds,2021-08-01 20:59:02
657,Nyanza,RW,-2.3519,29.7509,66.18,45,100,2.62,overcast clouds,2021-08-01 20:59:02
658,Ternate,ID,0.8,127.4,80.83,82,87,7.78,overcast clouds,2021-08-01 20:59:02
659,Seymchan,RU,62.8833,152.4333,43.16,75,100,18.77,overcast clouds,2021-08-01 20:59:03
660,Hami,CN,42.8,93.45,68.49,46,81,4.97,broken clouds,2021-08-01 20:58:47
661,Mocuba,MZ,-16.8392,36.9856,60.21,84,0,1.07,clear sky,2021-08-01 20:59:03
